Url,Date,Time,Likes,Video/Photo
B7svJKgHMM4,2020-01-24,10:27,1.198,Video
B7q4vB9Hji4,2020-01-23,17:12,2.910,Video
B7qJmsWnCBa,2020-01-23,10:20,1.708,Video
B7oErikHrLo,2020-01-22,14:59,2.981,Video
B7ng-qFHbN9,2020-01-22,09:47,1.025,Video
B7lrxFDqlxP,2020-01-21,16:42,599,Video
B7lQYOZnC2r,2020-01-21,12:43,2.074,Video
B7ksHblHm6I,2020-01-21,07:26,224,Video
B7iZuCEndHI,2020-01-20,10:07,4.846,Video
B7f6hVOnKxs,2020-01-19,10:56,671,Video
B7f0HTCBMDc,2020-01-19,10:00,719,Video
B7dPTCWnZd6,2020-01-18,10:00,1.053,Video
